0,700 WWP  1440,700 WWP |  01440  
1,700 WWP  A214,700 WWP | A00214  
2,ANDERSON G304,ANDERSON| G00304  
3,ANDERSON G305,ANDERSON| G00305  
4,ANDERSON G313,ANDERSON| G00313  
5,ANDERSON G419,ANDERSON| G00419  
6,ANDERSON G503,ANDERSON| G00503  
7,BIO SCI  154,BIO SCI |  00154  
8,BIO SCI  210C,BIO SCI |  00210C 
9,BIO SCI  283,BIO SCI |  00283  
10,BIO SCI  301,BIO SCI |  00301  
11,BIO SCI  383,BIO SCI |  00383  
12,BIO SCI  401,BIO SCI |  00401  
13,BIO SCI  483,BIO SCI |  00483  
14,BIO SCI  501,BIO SCI |  00501  
15,BOELTER  1541,BOELTER |  01541  
16,BOELTER  1567,BOELTER |  01567  
17,BOELTER  1762B,BOELTER |  01762B 
18,BOELTER  1805,BOELTER |  01805  
19,BOELTER  2444,BOELTER |  02444  
20,BOELTER  2760,BOELTER |  02760  
21,BOELTER  2808,BOELTER |  02808  
22,BOELTER  3400,BOELTER |  03400  
23,BOELTER  3424,BOELTER |  03424  
24,BOELTER  3428,BOELTER |  03428  
25,BOELTER  3436,BOELTER |  03436  
26,BOELTER  3564,BOELTER |  03564  
27,BOELTER  3704,BOELTER |  03704  
28,BOELTER  3760,BOELTER |  03760  
29,BOELTER  4275,BOELTER |  04275  
30,BOELTER  4283,BOELTER |  04283  
31,BOELTER  4404,BOELTER |  04404  
32,BOELTER  4413,BOELTER |  04413  
33,BOELTER  4760,BOELTER |  04760  
34,BOELTER  5249,BOELTER |  05249  
35,BOELTER  5252,BOELTER |  05252  
36,BOELTER  5264,BOELTER |  05264  
37,BOELTER  5272,BOELTER |  05272  
38,BOELTER  5273,BOELTER |  05273  
39,BOELTER  5280,BOELTER |  05280  
40,BOELTER  5419,BOELTER |  05419  
41,BOELTER  5420,BOELTER |  05420  
42,BOELTER  5422,BOELTER |  05422  
43,BOELTER  5436,BOELTER |  05436  
44,BOELTER  5440,BOELTER |  05440  
45,BOELTER  5513,BOELTER |  05513  
46,BOELTER  5514,BOELTER |  05514  
47,BOELTER  5714,BOELTER |  05714  
48,BOELTER  6541,BOELTER |  06541  
49,BOELTER  6750,BOELTER |  06750  
50,BOELTER  7702,BOELTER |  07702  
51,BOELTER  7718,BOELTER |  07718  
52,BOELTER  7730,BOELTER |  07730  
53,BOELTER  7731,BOELTER |  07731  
54,BOELTER  7732,BOELTER |  07732  
55,BOELTER  7736,BOELTER |  07736  
56,BOELTER  7737,BOELTER |  07737  
57,BOELTER  7738,BOELTER |  07738  
58,BOELTER  7745,BOELTER |  07745  
59,BOELTER  7750,BOELTER |  07750  
60,BOELTER  8251,BOELTER |  08251  
61,BOELTER  8270,BOELTER |  08270  
62,BOELTER  8436,BOELTER |  08436  
63,BOELTER  8500,BOELTER |  08500  
64,BOELTER  9413,BOELTER |  09413  
65,BOELTER  9436,BOELTER |  09436  
66,BOTANY   107,BOTANY  |  00107  
67,BOTANY   109,BOTANY  |  00109  
68,BOTANY   133,BOTANY  |  00133  
69,BOTANY   220,BOTANY  |  00220  
70,BOTANY   325,BOTANY  |  00325  
71,BOTANY   328,BOTANY  |  00328  
72,BOYER    130,BOYER   |  00130  
73,BOYER    159,BOYER   |  00159  
74,BOYER    244,BOYER   |  00244  
75,BOYER    344,BOYER   |  00344  
76,BOYER    444,BOYER   |  00444  
77,BOYER    529,BOYER   |  00529  
78,BOYER    644,BOYER   |  00644  
79,BRADLEY  224,BRADLEY |  00224  
80,BRADLEY  300,BRADLEY |  00300  
81,BROAD    1145,BROAD   |  01145  
82,BROAD    1256,BROAD   |  01256  
83,BROAD    1275,BROAD   |  01275  
84,BROAD    2100A,BROAD   |  02100A 
85,BROAD    2100B,BROAD   |  02100B 
86,BROAD    2101,BROAD   |  02101  
87,BROAD    2122,BROAD   |  02122  
88,BROAD    2135,BROAD   |  02135  
89,BROAD    2160E,BROAD   |  02160E 
90,BROAD    2250,BROAD   |  02250  
91,BROAD    3246,BROAD   |  03246  
92,BROAD    3261,BROAD   |  03261  
93,BROAD    4220,BROAD   |  04220  
94,BROAD    4230,BROAD   |  04230  
95,BROAD    4240,BROAD   |  04240  
96,BROAD    4250,BROAD   |  04250  
97,BROAD    4258,BROAD   |  04258  
98,BROAD    6220,BROAD   |  06220  
99,BROAD    6230,BROAD   |  06230  
100,BROAD    6250,BROAD   |  06250  
101,BROAD    6260,BROAD   |  06260  
102,BROAD    7230,BROAD   |  07230  
103,BROAD    7240,BROAD   |  07240  
104,BROAD    7250,BROAD   |  07250  
105,BROAD    7260,BROAD   |  07260  
106,BUNCHE   1209B,BUNCHE  |  01209B 
107,BUNCHE   1221A,BUNCHE  |  01221A 
108,BUNCHE   1221B,BUNCHE  |  01221B 
109,BUNCHE   1221D,BUNCHE  |  01221D 
110,BUNCHE   1261,BUNCHE  |  01261  
111,BUNCHE   1265,BUNCHE  |  01265  
112,BUNCHE   2121,BUNCHE  |  02121  
113,BUNCHE   2150,BUNCHE  |  02150  
114,BUNCHE   2156,BUNCHE  |  02156  
115,BUNCHE   2160,BUNCHE  |  02160  
116,BUNCHE   2168,BUNCHE  |  02168  
117,BUNCHE   2173,BUNCHE  |  02173  
118,BUNCHE   2174,BUNCHE  |  02174  
119,BUNCHE   2178,BUNCHE  |  02178  
120,BUNCHE   2181,BUNCHE  |  02181  
121,BUNCHE   2209A,BUNCHE  |  02209A 
122,BUNCHE   2249,BUNCHE  |  02249  
123,BUNCHE   3117,BUNCHE  |  03117  
124,BUNCHE   3123,BUNCHE  |  03123  
125,BUNCHE   3143,BUNCHE  |  03143  
126,BUNCHE   3150,BUNCHE  |  03150  
127,BUNCHE   3153,BUNCHE  |  03153  
128,BUNCHE   3156,BUNCHE  |  03156  
129,BUNCHE   3157,BUNCHE  |  03157  
130,BUNCHE   3164,BUNCHE  |  03164  
131,BUNCHE   3170,BUNCHE  |  03170  
132,BUNCHE   3178,BUNCHE  |  03178  
133,BUNCHE   3211,BUNCHE  |  03211  
134,BUNCHE   3357,BUNCHE  |  03357  
135,BUNCHE   4276,BUNCHE  |  04276  
136,BUNCHE   4280,BUNCHE  |  04280  
137,BUNCHE   4357,BUNCHE  |  04357  
138,BUNCHE   5288,BUNCHE  |  05288  
139,BUNCHE   5391,BUNCHE  |  05391  
140,BUNCHE   6250,BUNCHE  |  06250  
141,BUNCHE   6265,BUNCHE  |  06265  
142,BUNCHE   6275,BUNCHE  |  06275  
143,BUNCHE   6299,BUNCHE  |  06299  
144,BUNCHE   6339,BUNCHE  |  06339  
145,BUNCHE   6345,BUNCHE  |  06345  
146,BUNCHE   7386,BUNCHE  |  07386  
147,BUNCHE   9294,BUNCHE  |  09294  
148,BUNCHE   9383,BUNCHE  |  09383  
149,BUNCHE   10383,BUNCHE  |  10383  
150,BUNCHE   11372,BUNCHE  |  11372  
151,BUNCHE   A152,BUNCHE  | A00152  
152,BUNCHE   A162,BUNCHE  | A00162  
153,BUNCHE   A163,BUNCHE  | A00163  
154,CAMPBEL  1224,CAMPBEL |  01224  
155,CAMPBEL  2101K,CAMPBEL |  02101K 
156,CAMPBEL  2122A,CAMPBEL |  02122A 
157,CAMPBEL  2122B,CAMPBEL |  02122B 
158,CAMPBEL  2210D,CAMPBEL |  02210D 
159,CAMPBEL  2210F,CAMPBEL |  02210F 
160,CAMPBEL  3103D,CAMPBEL |  03103D 
161,CAMPBEL  3221,CAMPBEL |  03221  
162,CAMPBEL  3232,CAMPBEL |  03232  
163,CARNESL  212A,CARNESL |  00212A 
164,CARNESL  218,CARNESL |  00218  
165,CARNESL  SP206,CARNESL |SP00206  
166,CNSI     146,CNSI    |  00146  
167,CNSI     5200,CNSI    |  05200  
168,CNYN PT  F401,CNYN PT | F00401  
169,COLLINS  A201,COLLINS | A00201  
170,COLLINS  A301,COLLINS | A00301  
171,COLLINS  A416,COLLINS | A00416  
172,CORNELL  D301,CORNELL | D00301  
173,CORNELL  D303,CORNELL | D00303  
174,CORNELL  D307,CORNELL | D00307  
175,CORNELL  D310,CORNELL | D00310  
176,CORNELL  D311,CORNELL | D00311  
177,CORNELL  D312,CORNELL | D00312  
178,CORNELL  D313,CORNELL | D00313  
179,CORNELL  D414,CORNELL | D00414  
180,COVEL    210,COVEL   |  00210  
181,COVEL    218,COVEL   |  00218  
182,COVEL    225,COVEL   |  00225  
183,COVEL    229,COVEL   |  00229  
184,DE NEVE  P115,DE NEVE | P00115  
185,DE NEVE  P154,DE NEVE | P00154  
186,DE NEVE  P215K,DE NEVE | P00215K 
187,DE NEVE  P345,DE NEVE | P00345  
188,DE NEVE  P349,DE NEVE | P00349  
189,DE NEVE  P350,DE NEVE | P00350  
190,DE NEVE  P353B,DE NEVE | P00353B 
191,DENT     13041,DENT    |  13041  
192,DENT     23029,DENT    |  23029  
193,DENT     A3011,DENT    | A03011  
194,DENT     A3029,DENT    | A03029  
195,DENT     A3089,DENT    | A03089  
196,DENT     B148,DENT    | B00148  
197,DENT     B3020,DENT    | B03020  
198,DODD     52,DODD    |  00052  
199,DODD     67,DODD    |  00067  
200,DODD     78,DODD    |  00078  
201,DODD     121,DODD    |  00121  
202,DODD     146,DODD    |  00146  
203,DODD     147,DODD    |  00147  
204,DODD     154,DODD    |  00154  
205,DODD     161,DODD    |  00161  
206,DODD     162,DODD    |  00162  
207,DODD     167,DODD    |  00167  
208,DODD     170,DODD    |  00170  
209,DODD     175,DODD    |  00175  
210,DODD     178,DODD    |  00178  
211,DODD     200C,DODD    |  00200C 
212,DODD     220,DODD    |  00220  
213,DODD     232,DODD    |  00232  
214,DODD     247,DODD    |  00247  
215,DODD     248,DODD    |  00248  
216,DODD     275,DODD    |  00275  
217,DODD     325,DODD    |  00325  
218,DODD     374,DODD    |  00374  
219,DODD     399,DODD    |  00399  
220,ENGR IV  14118,ENGR IV |  14118  
221,ENGR IV  14131B,ENGR IV |  14131B 
222,ENGR IV  15139,ENGR IV |  15139  
223,ENGR IV  18132,ENGR IV |  18132  
224,ENGR IV  18132J,ENGR IV |  18132J 
225,ENGR IV  33128,ENGR IV |  33128  
226,ENGR IV  38138,ENGR IV |  38138  
227,ENGR IV  38138A,ENGR IV |  38138A 
228,ENGR IV  43116,ENGR IV |  43116  
229,ENGR IV  44110,ENGR IV |  44110  
230,ENGR IV  47124,ENGR IV |  47124  
231,ENGR IV  48121,ENGR IV |  48121  
232,ENGR IV  53125,ENGR IV |  53125  
233,ENGR IV  53133,ENGR IV |  53133  
234,ENGR IV  54134,ENGR IV |  54134  
235,ENGR IV  63134,ENGR IV |  63134  
236,ENGR IV  64132,ENGR IV |  64132  
237,ENGR V   1010,ENGR V  |  01010  
238,ENGR V   1230,ENGR V  |  01230  
239,ENGR V   2101,ENGR V  |  02101  
240,ENGR V   3129,ENGR V  |  03129  
241,ENGR V   4101,ENGR V  |  04101  
242,ENGR V   5101,ENGR V  |  05101  
243,ENGR VI  134,ENGR VI |  00134  
244,ENGR VI  134A,ENGR VI |  00134A 
245,ENGR VI  134B,ENGR VI |  00134B 
246,ENGR VI  ML0C,ENGR VI |ML00000C 
247,ENTRPNR  C301,ENTRPNR | C00301  
248,ENTRPNR  C303,ENTRPNR | C00303  
249,ENTRPNR  C314,ENTRPNR | C00314  
250,ENTRPNR  C315,ENTRPNR | C00315  
251,FACTOR   2539,FACTOR  |  02539  
252,FACTOR   2648,FACTOR  |  02648  
253,FACTOR   3148,FACTOR  |  03148  
254,FACTOR   3250,FACTOR  |  03250  
255,FACTOR   3637,FACTOR  |  03637  
256,FACTOR   3648,FACTOR  |  03648  
257,FACTOR   4145,FACTOR  |  04145  
258,FACTOR   4147A,FACTOR  |  04147A 
259,FACTOR   4650,FACTOR  |  04650  
260,FACTOR   4662,FACTOR  |  04662  
261,FACTOR   5150,FACTOR  |  05150  
262,FACTOR   5235,FACTOR  |  05235  
263,FACTOR   5242,FACTOR  |  05242  
264,FACTOR   5255,FACTOR  |  05255  
265,FACTOR   5636,FACTOR  |  05636  
266,FACTOR   5638,FACTOR  |  05638  
267,FACTOR   5642,FACTOR  |  05642  
268,FACTOR   A660A,FACTOR  | A00660A 
269,FERNALD  100,FERNALD |  00100  
270,FOWLER   0DR,FOWLER  |  00000DR
271,FOWLER   2450,FOWLER  |  02450  
272,FOWLER   A103B,FOWLER  | A00103B 
273,FOWLER   A139,FOWLER  | A00139  
274,FOWLER   A163,FOWLER  | A00163  
275,FOWLER   A222,FOWLER  | A00222  
276,FOWLER   A312,FOWLER  | A00312  
277,FOWLER   A419,FOWLER  | A00419  
278,FRANZ    1178,FRANZ   |  01178  
279,FRANZ    1229,FRANZ   |  01229  
280,FRANZ    1260,FRANZ   |  01260  
281,FRANZ    1354,FRANZ   |  01354  
282,FRANZ    1543,FRANZ   |  01543  
283,FRANZ    1571,FRANZ   |  01571  
284,FRANZ    2180,FRANZ   |  02180  
285,FRANZ    2220,FRANZ   |  02220  
286,FRANZ    2221,FRANZ   |  02221  
287,FRANZ    2227,FRANZ   |  02227  
288,FRANZ    2232,FRANZ   |  02232  
289,FRANZ    2258A,FRANZ   |  02258A 
290,FRANZ    2268,FRANZ   |  02268  
291,FRANZ    2288,FRANZ   |  02288  
292,FRANZ    2322,FRANZ   |  02322  
293,FRANZ    2329,FRANZ   |  02329  
294,FRANZ    2434,FRANZ   |  02434  
295,FRANZ    2527,FRANZ   |  02527  
296,FRANZ    2567E,FRANZ   |  02567E 
297,FRANZ    3165,FRANZ   |  03165  
298,FRANZ    3183,FRANZ   |  03183  
299,FRANZ    3221,FRANZ   |  03221  
300,FRANZ    3243,FRANZ   |  03243  
301,FRANZ    3257,FRANZ   |  03257  
302,FRANZ    3258,FRANZ   |  03258  
303,FRANZ    3290,FRANZ   |  03290  
304,FRANZ    3291,FRANZ   |  03291  
305,FRANZ    3312,FRANZ   |  03312  
306,FRANZ    3316,FRANZ   |  03316  
307,FRANZ    3351,FRANZ   |  03351  
308,FRANZ    3423,FRANZ   |  03423  
309,FRANZ    3435,FRANZ   |  03435  
310,FRANZ    3534,FRANZ   |  03534  
311,FRANZ    3538H,FRANZ   |  03538H 
312,FRANZ    3587,FRANZ   |  03587  
313,FRANZ    3621C,FRANZ   |  03621C 
314,FRANZ    4427,FRANZ   |  04427  
315,FRANZ    4441B,FRANZ   |  04441B 
316,FRANZ    4537,FRANZ   |  04537  
317,FRANZ    4574,FRANZ   |  04574  
318,FRANZ    5454,FRANZ   |  05454  
319,FRANZ    5461,FRANZ   |  05461  
320,FRANZ    5532B,FRANZ   |  05532B 
321,FRANZ    6423,FRANZ   |  06423  
322,FRANZ    6461,FRANZ   |  06461  
323,FRANZ    6550,FRANZ   |  06550  
324,FRANZ    7425,FRANZ   |  07425  
325,FRANZ    7437,FRANZ   |  07437  
326,FRANZ    7531,FRANZ   |  07531  
327,FRANZ    7626,FRANZ   |  07626  
328,FRANZ    8461C,FRANZ   |  08461C 
329,FRANZ    8581,FRANZ   |  08581  
330,FRANZ    A191B,FRANZ   | A00191B 
331,FRANZ    A225,FRANZ   | A00225  
332,FRANZ    A258,FRANZ   | A00258  
333,FRANZ    A258A,FRANZ   | A00258A 
334,FRANZ    A279,FRANZ   | A00279  
335,FRANZ    A347,FRANZ   | A00347  
336,FRANZ    A456,FRANZ   | A00456  
337,FRANZ    A461,FRANZ   | A00461  
338,FRANZ    A613,FRANZ   | A00613  
339,FRANZ    B439,FRANZ   | B00439  
340,FRANZ    C533,FRANZ   | C00533  
341,GEFFENHL 150,GEFFENHL|  00150  
342,GEFFENHL 207,GEFFENHL|  00207  
343,GEFFENHL B13,GEFFENHL| B00013  
344,GEOLOGY  1707,GEOLOGY |  01707  
345,GEOLOGY  3614,GEOLOGY |  03614  
346,GEOLOGY  3645,GEOLOGY |  03645  
347,GEOLOGY  3656,GEOLOGY |  03656  
348,GEOLOGY  3657,GEOLOGY |  03657  
349,GEOLOGY  3820,GEOLOGY |  03820  
350,GEOLOGY  4641,GEOLOGY |  04641  
351,GEOLOGY  4645,GEOLOGY |  04645  
352,GEOLOGY  4653,GEOLOGY |  04653  
353,GEOLOGY  4660,GEOLOGY |  04660  
354,GEOLOGY  4677,GEOLOGY |  04677  
355,GEOLOGY  4691,GEOLOGY |  04691  
356,GEOLOGY  5638,GEOLOGY |  05638  
357,GEOLOGY  5644,GEOLOGY |  05644  
358,GEOLOGY  5655,GEOLOGY |  05655  
359,GEOLOGY  5681,GEOLOGY |  05681  
360,GEOLOGY  6704,GEOLOGY |  06704  
361,GEOLOGY  B707,GEOLOGY | B00707  
362,GOLD     B117,GOLD    | B00117  
363,GOLD     B208X,GOLD    | B00208X 
364,GOLD     B301,GOLD    | B00301  
365,GOLD     B308,GOLD    | B00308  
366,GOLD     B312,GOLD    | B00312  
367,GOLD     B313,GOLD    | B00313  
368,GOLD     B413,GOLD    | B00413  
369,GONDA    1357,GONDA   |  01357  
370,GONDA    2303,GONDA   |  02303  
371,GONDA    3303,GONDA   |  03303  
372,GONDA    4303,GONDA   |  04303  
373,GONDA    5303,GONDA   |  05303  
374,GONDA    6303,GONDA   |  06303  
375,GSEIS    102,GSEIS   |  00102  
376,GSEIS    111,GSEIS   |  00111  
377,GSEIS    118,GSEIS   |  00118  
378,GSEIS    121,GSEIS   |  00121  
379,GSEIS    202,GSEIS   |  00202  
380,GSEIS    228,GSEIS   |  00228  
381,GSEIS    245,GSEIS   |  00245  
382,HAINES   39,HAINES  |  00039  
383,HAINES   102,HAINES  |  00102  
384,HAINES   110,HAINES  |  00110  
385,HAINES   118,HAINES  |  00118  
386,HAINES   122,HAINES  |  00122  
387,HAINES   153,HAINES  |  00153  
388,HAINES   179,HAINES  |  00179  
389,HAINES   215,HAINES  |  00215  
390,HAINES   220,HAINES  |  00220  
391,HAINES   279,HAINES  |  00279  
392,HAINES   310,HAINES  |  00310  
393,HAINES   314,HAINES  |  00314  
394,HAINES   332,HAINES  |  00332  
395,HAINES   350,HAINES  |  00350  
396,HAINES   352,HAINES  |  00352  
397,HAINES   A2,HAINES  | A00002  
398,HAINES   A6,HAINES  | A00006  
399,HAINES   A18,HAINES  | A00018  
400,HAINES   A20,HAINES  | A00020  
401,HAINES   A24,HAINES  | A00024  
402,HAINES   A25,HAINES  | A00025  
403,HAINES   A28,HAINES  | A00028  
404,HAINES   A33,HAINES  | A00033  
405,HAINES   A37,HAINES  | A00037  
406,HAINES   A44,HAINES  | A00044  
407,HAINES   A74,HAINES  | A00074  
408,HAINES   A76,HAINES  | A00076  
409,HAINES   A78,HAINES  | A00078  
410,HAINES   A82,HAINES  | A00082  
411,HEDRICK  115,HEDRICK |  00115  
412,HEDRICK  134,HEDRICK |  00134  
413,HERSHEY  148,HERSHEY |  00148  
414,HERSHEY  150,HERSHEY |  00150  
415,HERSHEY  158,HERSHEY |  00158  
416,HERSHEY  164,HERSHEY |  00164  
417,HERSHEY  168,HERSHEY |  00168  
418,HITCH    100,HITCH   |  00100  
419,HITCH    A11,HITCH   | A00011  
420,HLTHSCI  12077D,HLTHSCI |  12077D 
421,HLTHSCI  12077X,HLTHSCI |  12077X 
422,HLTHSCI  13105A,HLTHSCI |  13105A 
423,HLTHSCI  13265,HLTHSCI |  13265  
424,HLTHSCI  14214U,HLTHSCI |  14214U 
425,HLTHSCI  16145,HLTHSCI |  16145  
426,HLTHSCI  16154,HLTHSCI |  16154  
427,HLTHSCI  17187,HLTHSCI |  17187  
428,HLTHSCI  17256,HLTHSCI |  17256  
429,HLTHSCI  17323,HLTHSCI |  17323  
430,HLTHSCI  17364,HLTHSCI |  17364  
431,HLTHSCI  22096,HLTHSCI |  22096  
432,HLTHSCI  23105A,HLTHSCI |  23105A 
433,HLTHSCI  24132,HLTHSCI |  24132  
434,HLTHSCI  33105A,HLTHSCI |  33105A 
435,HLTHSCI  33245,HLTHSCI |  33245  
436,HLTHSCI  43105A,HLTHSCI |  43105A 
437,HLTHSCI  51279,HLTHSCI |  51279  
438,HLTHSCI  52087,HLTHSCI |  52087  
439,HLTHSCI  53105A,HLTHSCI |  53105A 
440,HLTHSCI  63105A,HLTHSCI |  63105A 
441,HLTHSCI  63127,HLTHSCI |  63127  
442,HLTHSCI  63214,HLTHSCI |  63214  
443,HLTHSCI  72181,HLTHSCI |  72181  
444,HLTHSCI  73105A,HLTHSCI |  73105A 
445,HLTHSCI  73167A,HLTHSCI |  73167A 
446,HLTHSCI  73235,HLTHSCI |  73235  
447,HLTHSCI  73240,HLTHSCI |  73240  
448,HLTHSCI  A2125,HLTHSCI | A02125  
449,HLTHSCI  A2342,HLTHSCI | A02342  
450,HLTHSCI  B2161,HLTHSCI | B02161  
451,HLTHSCI  B8225,HLTHSCI | B08225  
452,HLTHSCI  BH173,HLTHSCI |BH00173  
453,HLTHSCI  BL420,HLTHSCI |BL00420  
454,HLTHSCI  IP151,HLTHSCI |IP00151  
455,HUMANTS  109,HUMANTS |  00109  
456,HUMANTS  135,HUMANTS |  00135  
457,HUMANTS  136,HUMANTS |  00136  
458,HUMANTS  169,HUMANTS |  00169  
459,HUMANTS  222B,HUMANTS |  00222B 
460,HUMANTS  305,HUMANTS |  00305  
461,HUMANTS  307,HUMANTS |  00307  
462,HUMANTS  311,HUMANTS |  00311  
463,HUMANTS  348,HUMANTS |  00348  
464,HUMANTS  367,HUMANTS |  00367  
465,HUMANTS  370,HUMANTS |  00370  
466,HUMANTS  372,HUMANTS |  00372  
467,HUMANTS  376C,HUMANTS |  00376C 
468,HUMANTS  380,HUMANTS |  00380  
469,HUMANTS  A26,HUMANTS | A00026  
470,HUMANTS  A30,HUMANTS | A00030  
471,HUMANTS  A32,HUMANTS | A00032  
472,HUMANTS  A40,HUMANTS | A00040  
473,HUMANTS  A46,HUMANTS | A00046  
474,HUMANTS  A48,HUMANTS | A00048  
475,HUMANTS  A51,HUMANTS | A00051  
476,HUMANTS  A56,HUMANTS | A00056  
477,HUMANTS  A60,HUMANTS | A00060  
478,HUMANTS  A65,HUMANTS | A00065  
479,HUMANTS  A66,HUMANTS | A00066  
480,HUMANTS  A68,HUMANTS | A00068  
481,HUMANTS  A82,HUMANTS | A00082  
482,JWEST    0GP,JWEST   |  00000GP
483,KAPLAN   109,KAPLAN  |  00109  
484,KAPLAN   126A,KAPLAN  |  00126A 
485,KAPLAN   135,KAPLAN  |  00135  
486,KAPLAN   169,KAPLAN  |  00169  
487,KAPLAN   222B,KAPLAN  |  00222B 
488,KAPLAN   304,KAPLAN  |  00304  
489,KAPLAN   305,KAPLAN  |  00305  
490,KAPLAN   307,KAPLAN  |  00307  
491,KAPLAN   311,KAPLAN  |  00311  
492,KAPLAN   318,KAPLAN  |  00318  
493,KAPLAN   348,KAPLAN  |  00348  
494,KAPLAN   365,KAPLAN  |  00365  
495,KAPLAN   367,KAPLAN  |  00367  
496,KAPLAN   372,KAPLAN  |  00372  
497,KAPLAN   A6,KAPLAN  | A00006  
498,KAPLAN   A26,KAPLAN  | A00026  
499,KAPLAN   A30,KAPLAN  | A00030  
500,KAPLAN   A32,KAPLAN  | A00032  
501,KAPLAN   A40,KAPLAN  | A00040  
502,KAPLAN   A46,KAPLAN  | A00046  
503,KAPLAN   A48,KAPLAN  | A00048  
504,KAPLAN   A51,KAPLAN  | A00051  
505,KAPLAN   A56,KAPLAN  | A00056  
506,KAPLAN   A60,KAPLAN  | A00060  
507,KAPLAN   A65,KAPLAN  | A00065  
508,KAPLAN   A66,KAPLAN  | A00066  
509,KAPLAN   A68,KAPLAN  | A00068  
510,KAUFMAN  101,KAUFMAN |  00101  
511,KAUFMAN  136,KAUFMAN |  00136  
512,KAUFMAN  145,KAUFMAN |  00145  
513,KAUFMAN  153,KAUFMAN |  00153  
514,KAUFMAN  160,KAUFMAN |  00160  
515,KAUFMAN  180,KAUFMAN |  00180  
516,KAUFMAN  200,KAUFMAN |  00200  
517,KAUFMAN  208,KAUFMAN |  00208  
518,KAUFMAN  214,KAUFMAN |  00214  
519,KAUFMAN  230,KAUFMAN |  00230  
520,KAUFMAN  240,KAUFMAN |  00240  
521,KAUFMAN  250,KAUFMAN |  00250  
522,KAUFMAN  1000,KAUFMAN |  01000  
523,KNSY PV  1200B,KNSY PV |  01200B 
524,KNSY PV  1220B,KNSY PV |  01220B 
525,KNSY PV  1240B,KNSY PV |  01240B 
526,KNUDSEN  1116,KNUDSEN |  01116  
527,KNUDSEN  1134,KNUDSEN |  01134  
528,KNUDSEN  1152,KNUDSEN |  01152  
529,KNUDSEN  1210,KNUDSEN |  01210  
530,KNUDSEN  1238,KNUDSEN |  01238  
531,KNUDSEN  2115,KNUDSEN |  02115  
532,KNUDSEN  2122,KNUDSEN |  02122  
533,KNUDSEN  2136,KNUDSEN |  02136  
534,KNUDSEN  3145L,KNUDSEN |  03145L 
535,KNUDSEN  3171,KNUDSEN |  03171  
536,KNUDSEN  4134,KNUDSEN |  04134  
537,KNUDSEN  4173,KNUDSEN |  04173  
538,KNUDSEN  6107,KNUDSEN |  06107  
539,KNUDSEN  6129,KNUDSEN |  06129  
540,KNUDSEN  A137,KNUDSEN | A00137  
541,KORN     C314,KORN    | C00314  
542,LAKRETZ  100,LAKRETZ |  00100  
543,LAKRETZ  101,LAKRETZ |  00101  
544,LAKRETZ  110,LAKRETZ |  00110  
545,LAKRETZ  120,LAKRETZ |  00120  
546,LAKRETZ  300A,LAKRETZ |  00300A 
547,LAW      1102,LAW     |  01102  
548,LAW      1310,LAW     |  01310  
549,LAW      1314,LAW     |  01314  
550,LAW      1327,LAW     |  01327  
551,LAW      1337,LAW     |  01337  
552,LAW      1347,LAW     |  01347  
553,LAW      1357,LAW     |  01357  
554,LAW      1420,LAW     |  01420  
555,LAW      1430,LAW     |  01430  
556,LAW      1447,LAW     |  01447  
557,LAW      1457,LAW     |  01457  
558,LAW      2326,LAW     |  02326  
559,LAW      2357,LAW     |  02357  
560,LAW      2442,LAW     |  02442  
561,LAW      2448,LAW     |  02448  
562,LAW      2467,LAW     |  02467  
563,LAW      2473,LAW     |  02473  
564,LAW      2476,LAW     |  02476  
565,LAW      2477,LAW     |  02477  
566,LAW      2483,LAW     |  02483  
567,LAW      2484,LAW     |  02484  
568,LAW      3211A,LAW     |  03211A 
569,LAW      3393,LAW     |  03393  
570,LAW      3467,LAW     |  03467  
571,LAW      3473,LAW     |  03473  
572,LAW      3483,LAW     |  03483  
573,LAW      3484,LAW     |  03484  
574,LAW      A122,LAW     | A00122  
575,LKGP     100,LKGP    |  00100  
576,LKGP     101,LKGP    |  00101  
577,LS       1113,LS      |  01113  
578,LS       1123,LS      |  01123  
579,LS       1230,LS      |  01230  
580,LS       1315,LS      |  01315  
581,LS       1362,LS      |  01362  
582,LS       2127,LS      |  02127  
583,LS       2226,LS      |  02226  
584,LS       2306,LS      |  02306  
585,LS       2320,LS      |  02320  
586,LS       2325,LS      |  02325  
587,LS       2335,LS      |  02335  
588,LS       2365,LS      |  02365  
589,LS       2822,LS      |  02822  
590,LS       3314,LS      |  03314  
591,LS       3324,LS      |  03324  
592,LS       3326,LS      |  03326  
593,LS       4127,LS      |  04127  
594,LS       5236,LS      |  05236  
595,LS       5309,LS      |  05309  
596,LS       5312,LS      |  05312  
597,LS       5323,LS      |  05323  
598,LS       5328,LS      |  05328  
599,LS       5818,LS      |  05818  
600,LS       5826,LS      |  05826  
601,LS       5908,LS      |  05908  
602,LS       5926,LS      |  05926  
603,LS       5929,LS      |  05929  
604,LS       A830,LS      | A00830  
605,MACDNLD  1441,MACDNLD |  01441  
606,MACDNLD  2740,MACDNLD |  02740  
607,MACDNLD  3248,MACDNLD |  03248  
608,MACGOWN  1165,MACGOWN |  01165  
609,MACGOWN  1200B,MACGOWN |  01200B 
610,MACGOWN  1220,MACGOWN |  01220  
611,MACGOWN  1330,MACGOWN |  01330  
612,MACGOWN  1340,MACGOWN |  01340  
613,MACGOWN  1350,MACGOWN |  01350  
614,MACGOWN  2203,MACGOWN |  02203  
615,MACGOWN  2204B,MACGOWN |  02204B 
616,MACGOWN  2217,MACGOWN |  02217  
617,MACGOWN  2310B,MACGOWN |  02310B 
618,MACGOWN  2310C,MACGOWN |  02310C 
619,MACGOWN  2330,MACGOWN |  02330  
620,MACGOWN  3312,MACGOWN |  03312  
621,MCGWN E  101,MCGWN E |  00101  
622,MCGWN E  102,MCGWN E |  00102  
623,MCGWN E  103,MCGWN E |  00103  
624,MDCC     12407,MDCC    |  12407  
625,MDCC     A2342,MDCC    | A02342  
626,MELNITZ  1409,MELNITZ |  01409  
627,MELNITZ  1410A,MELNITZ |  01410A 
628,MELNITZ  1422A,MELNITZ |  01422A 
629,MELNITZ  1439A,MELNITZ |  01439A 
630,MELNITZ  1441,MELNITZ |  01441  
631,MELNITZ  1446A,MELNITZ |  01446A 
632,MELNITZ  1451B,MELNITZ |  01451B 
633,MELNITZ  1462A,MELNITZ |  01462A 
634,MELNITZ  1470,MELNITZ |  01470  
635,MELNITZ  1473A,MELNITZ |  01473A 
636,MELNITZ  2410,MELNITZ |  02410  
637,MELNITZ  2457,MELNITZ |  02457  
638,MELNITZ  2471,MELNITZ |  02471  
639,MELNITZ  2474,MELNITZ |  02474  
640,MELNITZ  2479,MELNITZ |  02479  
641,MELNITZ  2487,MELNITZ |  02487  
642,MELNITZ  2534,MELNITZ |  02534  
643,MELNITZ  2536,MELNITZ |  02536  
644,MELNITZ  2544,MELNITZ |  02544  
645,MELNITZ  2558,MELNITZ |  02558  
646,MELNITZ  2568B,MELNITZ |  02568B 
647,MELNITZ  2585,MELNITZ |  02585  
648,MELNITZ  2586B,MELNITZ |  02586B 
649,MELNITZ  2589,MELNITZ |  02589  
650,MELNITZ  A405,MELNITZ | A00405  
651,MNOUKIAN 1208,MNOUKIAN|  01208  
652,MOL SCI  1434,MOL SCI |  01434  
653,MOL SCI  1601,MOL SCI |  01601  
654,MOL SCI  3440,MOL SCI |  03440  
655,MOL SCI  3515,MOL SCI |  03515  
656,MOL SCI  5241,MOL SCI |  05241  
657,MOORE    100,MOORE   |  00100  
658,MOORE    1003,MOORE   |  01003  
659,MOORE    1041,MOORE   |  01041  
660,MOORE    1048,MOORE   |  01048  
661,MOORE    2011A,MOORE   |  02011A 
662,MOORE    2016,MOORE   |  02016  
663,MOORE    2120,MOORE   |  02120  
664,MOORE    2137,MOORE   |  02137  
665,MOORE    2320,MOORE   |  02320  
666,MOORE    3021,MOORE   |  03021  
667,MOORE    3026,MOORE   |  03026  
668,MOORE    3027,MOORE   |  03027  
669,MOORE    3030,MOORE   |  03030  
670,MOORE    3034,MOORE   |  03034  
671,MOORE    3120,MOORE   |  03120  
672,MOORE    3140,MOORE   |  03140  
673,MOORE    3320,MOORE   |  03320  
674,MOORE    3340,MOORE   |  03340  
675,MP 200   B265,MP 200  | B00265  
676,MP 300   1208,MP 300  |  01208  
677,MP 300   3200,MP 300  |  03200  
678,MP 300   B500,MP 300  | B00500  
679,MS       1000B,MS      |  01000B 
680,MS       2000,MS      |  02000  
681,MS       3915A,MS      |  03915A 
682,MS       3915D,MS      |  03915D 
683,MS       3915G,MS      |  03915G 
684,MS       3915H,MS      |  03915H 
685,MS       3974,MS      |  03974  
686,MS       4000A,MS      |  04000A 
687,MS       4202,MS      |  04202  
688,MS       5117,MS      |  05117  
689,MS       5118,MS      |  05118  
690,MS       5127,MS      |  05127  
691,MS       5128,MS      |  05128  
692,MS       5137,MS      |  05137  
693,MS       5138,MS      |  05138  
694,MS       5147,MS      |  05147  
695,MS       5148,MS      |  05148  
696,MS       5200,MS      |  05200  
697,MS       5203,MS      |  05203  
698,MS       5217,MS      |  05217  
699,MS       5225,MS      |  05225  
700,MS       5233,MS      |  05233  
701,MS       6118,MS      |  06118  
702,MS       6201,MS      |  06201  
703,MS       6221,MS      |  06221  
704,MS       6229,MS      |  06229  
705,MS       6627,MS      |  06627  
706,MS       7101,MS      |  07101  
707,MS       7121,MS      |  07121  
708,MS       7124,MS      |  07124  
709,MS       7124A,MS      |  07124A 
710,MS       7124B,MS      |  07124B 
711,MS       7608,MS      |  07608  
712,MS       8361,MS      |  08361  
713,MS       8941,MS      |  08941  
714,MS       8964,MS      |  08964  
715,MS       8983,MS      |  08983  
716,MURPHY   1215,MURPHY  |  01215  
717,MURPHY   2121,MURPHY  |  02121  
718,MURPHY   A316,MURPHY  | A00316  
719,MURPHY   A334,MURPHY  | A00334  
720,NEUROSC  368,NEUROSC |  00368  
721,NEUROSC  27200C,NEUROSC |  27200C 
722,NWAUD    101A,NWAUD   |  00101A 
723,OHRC     301,OHRC    |  00301  
724,OHRC     383,OHRC    |  00383  
725,OHRC     401,OHRC    |  00401  
726,OHRC     501,OHRC    |  00501  
727,ONLINE   0AS,ONLINE  |  00000AS
728,ONLINE   0LA,ONLINE  |  00000LA
729,ONLINE   0RE,ONLINE  |  00000RE
730,ONLINE   IL0TI,ONLINE  |IL00000TI
731,OSTIN    110A,OSTIN   |  00110A 
732,OSTIN    165,OSTIN   |  00165  
733,OSTIN    B105,OSTIN   | B00105  
734,PAB      1425,PAB     |  01425  
735,PAB      1434A,PAB     |  01434A 
736,PAB      1749,PAB     |  01749  
737,PAB      2434,PAB     |  02434  
738,PAB      2748,PAB     |  02748  
739,PAB      3326,PAB     |  03326  
740,PAB      3735,PAB     |  03735  
741,PAB      4330,PAB     |  04330  
742,PAB      4708,PAB     |  04708  
743,PAB      4740,PAB     |  04740  
744,PERLOFF  1102,PERLOFF |  01102  
745,PERLOFF  1118A,PERLOFF |  01118A 
746,PERLOFF  1209B,PERLOFF |  01209B 
747,PERLOFF  1220,PERLOFF |  01220  
748,PERLOFF  1224,PERLOFF |  01224  
749,PERLOFF  1243A,PERLOFF |  01243A 
750,PERLOFF  1243B,PERLOFF |  01243B 
751,PERLOFF  1243C,PERLOFF |  01243C 
752,PERLOFF  B309,PERLOFF | B00309  
753,PERLOFF  B320,PERLOFF | B00320  
754,POWELL   186,POWELL  |  00186  
755,POWELL   228,POWELL  |  00228  
756,POWELL   238,POWELL  |  00238  
757,POWELL   270,POWELL  |  00270  
758,POWELL   285,POWELL  |  00285  
759,POWELL   307,POWELL  |  00307  
760,POWELL   320,POWELL  |  00320  
761,POWELL   320B,POWELL  |  00320B 
762,POWELL   330,POWELL  |  00330  
763,PRITZKER 1521,PRITZKER|  01521  
764,PRITZKER 1531,PRITZKER|  01531  
765,PRITZKER 2531,PRITZKER|  02531  
766,PRITZKER 2541,PRITZKER|  02541  
767,PRITZKER 3509,PRITZKER|  03509  
768,PRITZKER 3513,PRITZKER|  03513  
769,PRITZKER 3517,PRITZKER|  03517  
770,PRITZKER 3535,PRITZKER|  03535  
771,PRITZKER 3571,PRITZKER|  03571  
772,PRITZKER 3572,PRITZKER|  03572  
773,PRITZKER 3581,PRITZKER|  03581  
774,PRITZKER 4513,PRITZKER|  04513  
775,PRITZKER 5501,PRITZKER|  05501  
776,PRITZKER 5505,PRITZKER|  05505  
777,PRITZKER 5509,PRITZKER|  05509  
778,PRITZKER 5513,PRITZKER|  05513  
779,PRITZKER 6513,PRITZKER|  06513  
780,PRITZKER 7513,PRITZKER|  07513  
781,PRITZKER 7567,PRITZKER|  07567  
782,PRITZKER 8581,PRITZKER|  08581  
783,PUB AFF  1015A,PUB AFF |  01015A 
784,PUB AFF  1023,PUB AFF |  01023  
785,PUB AFF  1040,PUB AFF |  01040  
786,PUB AFF  1222,PUB AFF |  01222  
787,PUB AFF  1234,PUB AFF |  01234  
788,PUB AFF  1246,PUB AFF |  01246  
789,PUB AFF  1256,PUB AFF |  01256  
790,PUB AFF  1264,PUB AFF |  01264  
791,PUB AFF  1270,PUB AFF |  01270  
792,PUB AFF  1278,PUB AFF |  01278  
793,PUB AFF  1284,PUB AFF |  01284  
794,PUB AFF  1323,PUB AFF |  01323  
795,PUB AFF  1329,PUB AFF |  01329  
796,PUB AFF  1337,PUB AFF |  01337  
797,PUB AFF  1343,PUB AFF |  01343  
798,PUB AFF  1400,PUB AFF |  01400  
799,PUB AFF  2035B,PUB AFF |  02035B 
800,PUB AFF  2035H,PUB AFF |  02035H 
801,PUB AFF  2214,PUB AFF |  02214  
802,PUB AFF  2232,PUB AFF |  02232  
803,PUB AFF  2238,PUB AFF |  02238  
804,PUB AFF  2242,PUB AFF |  02242  
805,PUB AFF  2250,PUB AFF |  02250  
806,PUB AFF  2270,PUB AFF |  02270  
807,PUB AFF  2278,PUB AFF |  02278  
808,PUB AFF  2284,PUB AFF |  02284  
809,PUB AFF  2292,PUB AFF |  02292  
810,PUB AFF  2317,PUB AFF |  02317  
811,PUB AFF  2319,PUB AFF |  02319  
812,PUB AFF  2325,PUB AFF |  02325  
813,PUB AFF  2333,PUB AFF |  02333  
814,PUB AFF  2343,PUB AFF |  02343  
815,PUB AFF  2355,PUB AFF |  02355  
816,PUB AFF  2400,PUB AFF |  02400  
817,PUB AFF  2400A,PUB AFF |  02400A 
818,PUB AFF  2500,PUB AFF |  02500  
819,PUB AFF  3320A,PUB AFF |  03320A 
820,PUB AFF  3343,PUB AFF |  03343  
821,PUB AFF  4240,PUB AFF |  04240  
822,PUB AFF  4240A,PUB AFF |  04240A 
823,PUB AFF  4320A,PUB AFF |  04320A 
824,PUB AFF  4320B,PUB AFF |  04320B 
825,PUB AFF  4355,PUB AFF |  04355  
826,PUB AFF  4357,PUB AFF |  04357  
827,PUB AFF  4371,PUB AFF |  04371  
828,PUB AFF  4375,PUB AFF |  04375  
829,PUB AFF  5273,PUB AFF |  05273  
830,PUB AFF  5344,PUB AFF |  05344  
831,PUB AFF  5391,PUB AFF |  05391  
832,PUB AFF  6223,PUB AFF |  06223  
833,PUB AFF  6232,PUB AFF |  06232  
834,PUB AFF  6274,PUB AFF |  06274  
835,PUB AFF  6362,PUB AFF |  06362  
836,PUB HLT  31262,PUB HLT |  31262  
837,PUB HLT  36070A,PUB HLT |  36070A 
838,PUB HLT  41235,PUB HLT |  41235  
839,PUB HLT  41268,PUB HLT |  41268  
840,PUB HLT  51279,PUB HLT |  51279  
841,PUB HLT  56059,PUB HLT |  56059  
842,PUB HLT  61235,PUB HLT |  61235  
843,PUB HLT  61262,PUB HLT |  61262  
844,PUB HLT  61269,PUB HLT |  61269  
845,PUB HLT  71257,PUB HLT |  71257  
846,PUB HLT  A1125,PUB HLT | A01125  
847,PUB HLT  A1241,PUB HLT | A01241  
848,PUB HLT  A1279,PUB HLT | A01279  
849,PUB HLT  A2125,PUB HLT | A02125  
850,PVUB     1400K,PVUB    |  01400K 
851,PVUB     2339B,PVUB    |  02339B 
852,REED     B106,REED    | B00106  
853,REED     C128,REED    | C00128  
854,RIEBER   115A,RIEBER  |  00115A 
855,ROLFE    1200,ROLFE   |  01200  
856,ROLFE    1301,ROLFE   |  01301  
857,ROLFE    2117,ROLFE   |  02117  
858,ROLFE    2118,ROLFE   |  02118  
859,ROLFE    2125,ROLFE   |  02125  
860,ROLFE    2201,ROLFE   |  02201  
861,ROLFE    2303,ROLFE   |  02303  
862,ROLFE    2310,ROLFE   |  02310  
863,ROLFE    2325,ROLFE   |  02325  
864,ROLFE    3105,ROLFE   |  03105  
865,ROLFE    3108,ROLFE   |  03108  
866,ROLFE    3115,ROLFE   |  03115  
867,ROLFE    3116,ROLFE   |  03116  
868,ROLFE    3120,ROLFE   |  03120  
869,ROLFE    3121,ROLFE   |  03121  
870,ROLFE    3126,ROLFE   |  03126  
871,ROLFE    3129,ROLFE   |  03129  
872,ROLFE    3134,ROLFE   |  03134  
873,ROLFE    3135,ROLFE   |  03135  
874,ROLFE    4302,ROLFE   |  04302  
875,ROLFE    4330,ROLFE   |  04330  
876,ROSNFLD  E214,ROSNFLD | E00214  
877,ROYCE    148,ROYCE   |  00148  
878,ROYCE    150,ROYCE   |  00150  
879,ROYCE    152,ROYCE   |  00152  
880,ROYCE    154,ROYCE   |  00154  
881,ROYCE    156,ROYCE   |  00156  
882,ROYCE    160,ROYCE   |  00160  
883,ROYCE    162,ROYCE   |  00162  
884,ROYCE    164,ROYCE   |  00164  
885,ROYCE    166,ROYCE   |  00166  
886,ROYCE    190,ROYCE   |  00190  
887,ROYCE    236,ROYCE   |  00236  
888,ROYCE    246B,ROYCE   |  00246B 
889,ROYCE    268B,ROYCE   |  00268B 
890,ROYCE    276B,ROYCE   |  00276B 
891,ROYCE    280A,ROYCE   |  00280A 
892,ROYCE    306,ROYCE   |  00306  
893,ROYCE    332,ROYCE   |  00332  
894,ROYCE    332C,ROYCE   |  00332C 
895,ROYCE    334C,ROYCE   |  00334C 
896,ROYCE    342,ROYCE   |  00342  
897,ROYCE    362,ROYCE   |  00362  
898,SAC      120P,SAC     |  00120P 
899,SAC      215,SAC     |  00215  
900,SAC      304,SAC     |  00304  
901,SAC      B1,SAC     | B00001  
902,SAC      B2,SAC     | B00002  
903,SAC      B3,SAC     | B00003  
904,SAC      B5,SAC     | B00005  
905,SAC      B20B,SAC     | B00020B 
906,SEMEL    17364,SEMEL   |  17364  
907,SEMEL    17416,SEMEL   |  17416  
908,SEMEL    18250,SEMEL   |  18250  
909,SEMEL    27418,SEMEL   |  27418  
910,SEMEL    28181,SEMEL   |  28181  
911,SEMEL    28221,SEMEL   |  28221  
912,SEMEL    37413,SEMEL   |  37413  
913,SEMEL    37415,SEMEL   |  37415  
914,SEMEL    37417,SEMEL   |  37417  
915,SEMEL    67415,SEMEL   |  67415  
916,SEMEL    68238,SEMEL   |  68238  
917,SEMEL    78233,SEMEL   |  78233  
918,SEMEL    A8221,SEMEL   | A08221  
919,SEMEL    B8225,SEMEL   | B08225  
920,SEMEL    C8177,SEMEL   | C08177  
921,SEMEL    C8183H,SEMEL   | C08183H 
922,SEMEL    C8639,SEMEL   | C08639  
923,SLICHTR  2834,SLICHTR |  02834  
924,SLICHTR  2870,SLICHTR |  02870  
925,SLICHTR  3871,SLICHTR |  03871  
926,SMB      1100,SMB     |  01100  
927,SMB      1102F,SMB     |  01102F 
928,SMB      1102M,SMB     |  01102M 
929,SMB      1200,SMB     |  01200  
930,SMB      1230,SMB     |  01230  
931,SMB      1325,SMB     |  01325  
932,SMB      1343,SMB     |  01343  
933,SMB      1344,SMB     |  01344  
934,SMB      1345,SMB     |  01345  
935,SMB      1354,SMB     |  01354  
936,SMB      1402,SMB     |  01402  
937,SMB      1420,SMB     |  01420  
938,SMB      1421,SMB     |  01421  
939,SMB      1439,SMB     |  01439  
940,SMB      1440,SMB     |  01440  
941,SMB      1535,SMB     |  01535  
942,SMB      1630A,SMB     |  01630A 
943,SMB      1659,SMB     |  01659  
944,SMB      1818,SMB     |  01818  
945,SMB      1846,SMB     |  01846  
946,SMB      2449,SMB     |  02449  
947,SMB      2646,SMB     |  02646  
948,SMB      B425,SMB     | B00425  
949,SMB      B429,SMB     | B00429  
950,SMB      B431,SMB     | B00431  
951,SMB      B544,SMB     | B00544  
952,SMB      B648,SMB     | B00648  
953,SMB      B665A,SMB     | B00665A 
954,SMB      B674,SMB     | B00674  
955,SMB      B686,SMB     | B00686  
956,SPROUL   110A,SPROUL  |  00110A 
957,TERASKI  1100,TERASKI |  01100  
958,WASSRMN  437,WASSRMN |  00437  
959,WGYOUNG  1033,WGYOUNG |  01033  
960,WGYOUNG  1039,WGYOUNG |  01039  
961,WGYOUNG  1044,WGYOUNG |  01044  
962,WGYOUNG  1049,WGYOUNG |  01049  
963,WGYOUNG  1067,WGYOUNG |  01067  
964,WGYOUNG  1077,WGYOUNG |  01077  
965,WGYOUNG  1089,WGYOUNG |  01089  
966,WGYOUNG  1096,WGYOUNG |  01096  
967,WGYOUNG  1110,WGYOUNG |  01110  
968,WGYOUNG  1111,WGYOUNG |  01111  
969,WGYOUNG  1336,WGYOUNG |  01336  
970,WGYOUNG  1337,WGYOUNG |  01337  
971,WGYOUNG  1340,WGYOUNG |  01340  
972,WGYOUNG  1343,WGYOUNG |  01343  
973,WGYOUNG  1370,WGYOUNG |  01370  
974,WGYOUNG  1379,WGYOUNG |  01379  
975,WGYOUNG  2033,WGYOUNG |  02033  
976,WGYOUNG  2050,WGYOUNG |  02050  
977,WGYOUNG  2200,WGYOUNG |  02200  
978,WGYOUNG  2336,WGYOUNG |  02336  
979,WGYOUNG  2337,WGYOUNG |  02337  
980,WGYOUNG  2343,WGYOUNG |  02343  
981,WGYOUNG  2370,WGYOUNG |  02370  
982,WGYOUNG  2379,WGYOUNG |  02379  
983,WGYOUNG  3047,WGYOUNG |  03047  
984,WGYOUNG  3064,WGYOUNG |  03064  
985,WGYOUNG  3069,WGYOUNG |  03069  
986,WGYOUNG  3085B,WGYOUNG |  03085B 
987,WGYOUNG  3096,WGYOUNG |  03096  
988,WGYOUNG  3336,WGYOUNG |  03336  
989,WGYOUNG  3337,WGYOUNG |  03337  
990,WGYOUNG  3340,WGYOUNG |  03340  
991,WGYOUNG  3370,WGYOUNG |  03370  
992,WGYOUNG  4067,WGYOUNG |  04067  
993,WGYOUNG  4085F,WGYOUNG |  04085F 
994,WGYOUNG  4216,WGYOUNG |  04216  
995,WGYOUNG  4232,WGYOUNG |  04232  
996,WGYOUNG  4335,WGYOUNG |  04335  
997,WGYOUNG  4336,WGYOUNG |  04336  
998,WGYOUNG  4340,WGYOUNG |  04340  
999,WGYOUNG  4341,WGYOUNG |  04341  
1000,WGYOUNG  4346,WGYOUNG |  04346  
1001,WGYOUNG  4350,WGYOUNG |  04350  
1002,WGYOUNG  5076,WGYOUNG |  05076  
1003,WGYOUNG  6072,WGYOUNG |  06072  
1004,WGYOUNG  6073,WGYOUNG |  06073  
1005,WGYOUNG  6085,WGYOUNG |  06085  
1006,WGYOUNG  6086,WGYOUNG |  06086  
1007,WGYOUNG  6096,WGYOUNG |  06096  
1008,WGYOUNG  6110,WGYOUNG |  06110  
1009,WGYOUNG  CS24,WGYOUNG |CS00024  
1010,WGYOUNG  CS50,WGYOUNG |CS00050  
1011,WGYOUNG  CS76,WGYOUNG |CS00076  
1012,WOODEN   1402,WOODEN  |  01402  
1013,WOODEN   2320,WOODEN  |  02320  
1014,YRL      11360,YRL     |  11360  
1015,YRL      11630F,YRL     |  11630F 
1016,YRL      11630L,YRL     |  11630L 
1017,YRL      23167,YRL     |  23167  
1018,YRL      A1713A,YRL     | A01713A 
